{"0": {"95": {"AvgApplic": 0.9876543209876543, "OverallSolvingTimeReduction": -0.18791616189053403, "MeanReduction": -0.20756258932080235, "MedianReduction": -0.19529639756283326, "StandardDeviation": 0.215377035540897, "Quantiles": [-0.37119782201595825, -0.19529639756283326, -0.06808349770642202]}, "111": {"AvgApplic": 0.8148148148148148, "OverallSolvingTimeReduction": 0.1574180583167663, "MeanReduction": 0.11517523362504746, "MedianReduction": 0.18381697994987467, "StandardDeviation": 0.3572468337273146, "Quantiles": [-0.05265322802197801, 0.18381697994987467, 0.3128985354477612]}, "164": {"AvgApplic": 0.7777777777777778, "OverallSolvingTimeReduction": 0.19682885813148762, "MeanReduction": 0.11822440072433521, "MedianReduction": 0.11381774193548394, "StandardDeviation": 0.33319908521976305, "Quantiles": [-0.007398261060972923, 0.11381774193548394, 0.3262006862745098]}, "25-7": {"AvgApplic": 0.8765432098765432, "OverallSolvingTimeReduction": 0.05018498606785728, "MeanReduction": 0.03188609920213659, "MedianReduction": 0.0916626666666667, "StandardDeviation": 0.30820716537262566, "Quantiles": [-0.1755910294852574, 0.0916626666666667, 0.26470692047678346]}, "190-60": {"AvgApplic": 0.9382716049382716, "OverallSolvingTimeReduction": 0.030441723459033482, "MeanReduction": 0.007438636183164761, "MedianReduction": 0.0763336895161291, "StandardDeviation": 0.33411154829819417, "Quantiles": [-0.14111211538461538, 0.0763336895161291, 0.19317734172077922]}, "157-8": {"AvgApplic": 0.4074074074074074, "OverallSolvingTimeReduction": 0.2144388573743922, "MeanReduction": 0.19573691295972034, "MedianReduction": 0.34798488372093017, "StandardDeviation": 0.41683069692661623, "Quantiles": [-0.11640624999999988, 0.34798488372093017, 0.5340777777777778]}}, "1": {"154-84": {"AvgApplic": 1.0, "OverallSolvingTimeReduction": 0.31125043988269807, "MeanReduction": 0.31329036303184754, "MedianReduction": 0.3389932203389831, "StandardDeviation": 0.2565406829302808, "Quantiles": [0.19066103896103898, 0.3389932203389831, 0.5313780821917808]}}}
